Index,Reaction,Reactivity
0,DMAP_DBU_2aminothiazole,1
1,DBU_2aminothiazole_phenylacetylchloride,1
2,itaconicanhydride_DBU_2aminothiazole,1
3,methylimidazole_DBU_2aminothiazole,1
4,benzoylcyanide_DBU_2aminothiazole,1
5,DMAP_DBU_phenylacetylchloride,1
6,dimethylacetylenedicarboxylate_DBU_2aminothiazole,1
7,propionaldehyde_DBU_2aminothiazole,1
8,methylpropiolate_DBU_2aminothiazole,1
9,itaconicanhydride_DMAP_DBU,1
10,methylimidazole_DMAP_DBU,1
11,DBU_2aminothiazole,1
12,malononitrile_DBU_2aminothiazole,1
13,nitrosobenzene_DBU_2aminothiazole,1
14,DMAP_2aminothiazole_phenylacetylchloride,1
15,trichloroacetonitrile_DBU_2aminothiazole,1
16,cinnamaldehyde_DBU_2aminothiazole,1
17,itaconicanhydride_DBU_phenylacetylchloride,1
18,benzoylcyanide_DMAP_DBU,1
19,methylacetoacetate_DBU_2aminothiazole,1
20,methylimidazole_DBU_phenylacetylchloride,1
21,benzofuroxan_DBU_2aminothiazole,1
22,itaconicanhydride_DMAP_2aminothiazole,1
23,methylimidazole_DMAP_2aminothiazole,1
24,dimethylacetylenedicarboxylate_DMAP_DBU,1
25,nitromethane_DBU_2aminothiazole,1
26,methylimidazole_itaconicanhydride_DBU,1
27,propionaldehyde_DMAP_DBU,1
28,methylpropiolate_DMAP_DBU,1
29,benzoylcyanide_DBU_phenylacetylchloride,1
30,DMAP_DBU,1
31,malononitrile_DMAP_DBU,1
32,itaconicanhydride_2aminothiazole_phenylacetylchloride,1
33,benzoylcyanide_DMAP_2aminothiazole,1
34,nitrosobenzene_DMAP_DBU,1
35,methylimidazole_2aminothiazole_phenylacetylchloride,1
36,dimethylacetylenedicarboxylate_DBU_phenylacetylchloride,1
37,TosMic_DBU_2aminothiazole,1
38,trichloroacetonitrile_DMAP_DBU,1
39,dimethylacetylenedicarboxylate_DMAP_2aminothiazole,1
40,itaconicanhydride_benzoylcyanide_DBU,1
41,methylimidazole_benzoylcyanide_DBU,1
42,cinnamaldehyde_DMAP_DBU,1
43,propionaldehyde_DBU_phenylacetylchloride,1
44,methylpropiolate_DBU_phenylacetylchloride,1
45,DMAP_methylacetoacetate_DBU,1
46,DBU_phenylacetylchloride,1
47,methylimidazole_itaconicanhydride_2aminothiazole,1
48,propionaldehyde_DMAP_2aminothiazole,1
49,dimethylacetylenedicarboxylate_itaconicanhydride_DBU,1
50,malononitrile_DBU_phenylacetylchloride,1
51,benzofuroxan_DMAP_DBU,1
52,methylimidazole_dimethylacetylenedicarboxylate_DBU,1
53,methylpropiolate_DMAP_2aminothiazole,1
54,benzoylcyanide_2aminothiazole_phenylacetylchloride,1
55,nitrosobenzene_DBU_phenylacetylchloride,1
56,DMAP_2aminothiazole,1
57,malononitrile_DMAP_2aminothiazole,1
58,nitromethane_DMAP_DBU,1
59,trichloroacetonitrile_DBU_phenylacetylchloride,1
60,nitrosobenzene_DMAP_2aminothiazole,1
61,itaconicanhydride_propionaldehyde_DBU,1
62,methylimidazole_propionaldehyde_DBU,1
63,methylpropiolate_itaconicanhydride_DBU,1
64,dimethylacetylenedicarboxylate_2aminothiazole_phenylacetylchloride,1
65,methylpropiolate_methylimidazole_DBU,1
66,trichloroacetonitrile_DMAP_2aminothiazole,1
67,cinnamaldehyde_DBU_phenylacetylchloride,1
68,itaconicanhydride_DBU,1
69,methylimidazole_DBU,1
70,malononitrile_itaconicanhydride_DBU,1
71,malononitrile_methylimidazole_DBU,1
72,methylacetoacetate_DBU_phenylacetylchloride,1
73,itaconicanhydride_benzoylcyanide_2aminothiazole,1
74,itaconicanhydride_nitrosobenzene_DBU,1
75,methylimidazole_benzoylcyanide_2aminothiazole,1
76,methylimidazole_nitrosobenzene_DBU,0
77,propionaldehyde_2aminothiazole_phenylacetylchloride,1
78,cinnamaldehyde_DMAP_2aminothiazole,1
79,dimethylacetylenedicarboxylate_benzoylcyanide_DBU,1
80,benzofuroxan_DBU_phenylacetylchloride,1
81,methylpropiolate_2aminothiazole_phenylacetylchloride,1
82,itaconicanhydride_DMAP_phenylacetylchloride,1
83,DMAP_methylacetoacetate_2aminothiazole,1
84,trichloroacetonitrile_itaconicanhydride_DBU,1
85,methylimidazole_DMAP_phenylacetylchloride,1
86,trichloroacetonitrile_methylimidazole_DBU,1
87,DMAP_TosMic_DBU,1
88,2aminothiazole_phenylacetylchloride,1
89,dimethylacetylenedicarboxylate_itaconicanhydride_2aminothiazole,1
90,malononitrile_2aminothiazole_phenylacetylchloride,1
91,nitromethane_DBU_phenylacetylchloride,1
92,benzofuroxan_DMAP_2aminothiazole,1
93,methylimidazole_dimethylacetylenedicarboxylate_2aminothiazole,1
94,nitrosobenzene_2aminothiazole_phenylacetylchloride,1
95,itaconicanhydride_cinnamaldehyde_DBU,1
96,benzoylcyanide_propionaldehyde_DBU,1
97,methylimidazole_cinnamaldehyde_DBU,1
98,methylpropiolate_benzoylcyanide_DBU,1
99,nitromethane_DMAP_2aminothiazole,1
100,itaconicanhydride_methylacetoacetate_DBU,1
101,methylimidazole_methylacetoacetate_DBU,1
102,trichloroacetonitrile_2aminothiazole_phenylacetylchloride,1
103,benzoylcyanide_DBU,1
104,itaconicanhydride_propionaldehyde_2aminothiazole,1
105,malononitrile_benzoylcyanide_DBU,1
106,benzofuroxan_itaconicanhydride_DBU,1
107,methylimidazole_propionaldehyde_2aminothiazole,1
108,methylpropiolate_itaconicanhydride_2aminothiazole,1
109,benzofuroxan_methylimidazole_DBU,1
110,dimethylacetylenedicarboxylate_propionaldehyde_DBU,1
111,methylpropiolate_methylimidazole_2aminothiazole,1
112,methylpropiolate_dimethylacetylenedicarboxylate_DBU,1
113,benzoylcyanide_nitrosobenzene_DBU,1
114,methylimidazole_itaconicanhydride_DMAP,1
115,cinnamaldehyde_2aminothiazole_phenylacetylchloride,1
116,itaconicanhydride_2aminothiazole,1
117,methylimidazole_2aminothiazole,1
118,malononitrile_itaconicanhydride_2aminothiazole,1
119,itaconicanhydride_nitromethane_DBU,1
120,dimethylacetylenedicarboxylate_DBU,1
121,malononitrile_methylimidazole_2aminothiazole,1
122,methylimidazole_nitromethane_DBU,1
123,benzoylcyanide_DMAP_phenylacetylchloride,1
124,methylacetoacetate_2aminothiazole_phenylacetylchloride,1
125,malononitrile_dimethylacetylenedicarboxylate_DBU,1
126,trichloroacetonitrile_benzoylcyanide_DBU,1
127,itaconicanhydride_nitrosobenzene_2aminothiazole,1
128,TosMic_DBU_phenylacetylchloride,1
129,methylimidazole_nitrosobenzene_2aminothiazole,1
130,dimethylacetylenedicarboxylate_benzoylcyanide_2aminothiazole,1
131,dimethylacetylenedicarboxylate_nitrosobenzene_DBU,1
132,benzofuroxan_2aminothiazole_phenylacetylchloride,1
133,methylpropiolate_propionaldehyde_DBU,1
134,trichloroacetonitrile_itaconicanhydride_2aminothiazole,1
135,cinnamaldehyde_benzoylcyanide_DBU,1
136,trichloroacetonitrile_methylimidazole_2aminothiazole,1
137,dimethylacetylenedicarboxylate_DMAP_phenylacetylchloride,1
138,DMAP_TosMic_2aminothiazole,1
139,trichloroacetonitrile_dimethylacetylenedicarboxylate_DBU,1
140,propionaldehyde_DBU,1
141,nitromethane_2aminothiazole_phenylacetylchloride,1
142,benzoylcyanide_methylacetoacetate_DBU,1
143,malononitrile_propionaldehyde_DBU,1
144,methylpropiolate_DBU,1
145,methylpropiolate_malononitrile_DBU,1
146,itaconicanhydride_cinnamaldehyde_2aminothiazole,1
147,benzoylcyanide_propionaldehyde_2aminothiazole,1
148,propionaldehyde_nitrosobenzene_DBU,1
149,benzofuroxan_benzoylcyanide_DBU,1
150,methylimidazole_cinnamaldehyde_2aminothiazole,1
151,methylpropiolate_benzoylcyanide_2aminothiazole,1
152,methylpropiolate_nitrosobenzene_DBU,1
153,dimethylacetylenedicarboxylate_cinnamaldehyde_DBU,1
154,malononitrile_DBU,1
155,itaconicanhydride_benzoylcyanide_DMAP,1
156,itaconicanhydride_methylacetoacetate_2aminothiazole,1
157,methylimidazole_itaconicanhydride_phenylacetylchloride,1
158,methylimidazole_benzoylcyanide_DMAP,1
159,methylimidazole_methylacetoacetate_2aminothiazole,1
160,propionaldehyde_DMAP_phenylacetylchloride,1
161,itaconicanhydride_TosMic_DBU,1
162,dimethylacetylenedicarboxylate_methylacetoacetate_DBU,1
163,trichloroacetonitrile_propionaldehyde_DBU,1
164,benzoylcyanide_2aminothiazole,1
165,nitrosobenzene_DBU,1
166,methylpropiolate_DMAP_phenylacetylchloride,1
167,methylimidazole_TosMic_DBU,1
168,malononitrile_benzoylcyanide_2aminothiazole,1
169,methylpropiolate_trichloroacetonitrile_DBU,1
170,malononitrile_nitrosobenzene_DBU,1
171,benzoylcyanide_nitromethane_DBU,1
172,benzofuroxan_itaconicanhydride_2aminothiazole,1
173,benzofuroxan_methylimidazole_2aminothiazole,1
174,dimethylacetylenedicarboxylate_propionaldehyde_2aminothiazole,1
175,benzofuroxan_dimethylacetylenedicarboxylate_DBU,1
176,methylpropiolate_dimethylacetylenedicarboxylate_2aminothiazole,1
177,benzoylcyanide_nitrosobenzene_2aminothiazole,1
178,DMAP_phenylacetylchloride,1
179,trichloroacetonitrile_DBU,1
180,dimethylacetylenedicarboxylate_itaconicanhydride_DMAP,1
181,malononitrile_DMAP_phenylacetylchloride,1
182,cinnamaldehyde_propionaldehyde_DBU,1
183,malononitrile_trichloroacetonitrile_DBU,1
184,methylimidazole_dimethylacetylenedicarboxylate_DMAP,1
185,methylpropiolate_cinnamaldehyde_DBU,1
186,itaconicanhydride_nitromethane_2aminothiazole,1
187,dimethylacetylenedicarboxylate_2aminothiazole,1
188,methylimidazole_nitromethane_2aminothiazole,1
189,nitrosobenzene_DMAP_phenylacetylchloride,1
190,malononitrile_dimethylacetylenedicarboxylate_2aminothiazole,1
191,trichloroacetonitrile_benzoylcyanide_2aminothiazole,1
192,propionaldehyde_methylacetoacetate_DBU,1
193,dimethylacetylenedicarboxylate_nitromethane_DBU,1
194,trichloroacetonitrile_nitrosobenzene_DBU,1
195,methylpropiolate_methylacetoacetate_DBU,1
196,TosMic_2aminothiazole_phenylacetylchloride,1
197,cinnamaldehyde_DBU,1
198,dimethylacetylenedicarboxylate_nitrosobenzene_2aminothiazole,1
199,malononitrile_cinnamaldehyde_DBU,1
200,benzofuroxan_propionaldehyde_DBU,1
201,methylpropiolate_propionaldehyde_2aminothiazole,1
202,trichloroacetonitrile_DMAP_phenylacetylchloride,1
203,methylpropiolate_benzofuroxan_DBU,1
204,methylacetoacetate_DBU,1
205,itaconicanhydride_propionaldehyde_DMAP,1
206,cinnamaldehyde_benzoylcyanide_2aminothiazole,1
207,cinnamaldehyde_nitrosobenzene_DBU,1
208,malononitrile_methylacetoacetate_DBU,1
209,methylimidazole_propionaldehyde_DMAP,1
210,methylpropiolate_itaconicanhydride_DMAP,1
211,trichloroacetonitrile_dimethylacetylenedicarboxylate_2aminothiazole,1
212,propionaldehyde_2aminothiazole,1
213,benzofuroxan_DBU,1
214,methylpropiolate_methylimidazole_DMAP,1
215,itaconicanhydride_benzoylcyanide_phenylacetylchloride,1
216,malononitrile_propionaldehyde_2aminothiazole,1
217,benzoylcyanide_methylacetoacetate_2aminothiazole,1
218,nitrosobenzene_methylacetoacetate_DBU,1
219,methylpropiolate_2aminothiazole,1
220,nitromethane_propionaldehyde_DBU,1
221,malononitrile_benzofuroxan_DBU,1
222,methylimidazole_benzoylcyanide_phenylacetylchloride,1
223,methylpropiolate_malononitrile_2aminothiazole,1
224,cinnamaldehyde_DMAP_phenylacetylchloride,1
225,methylpropiolate_nitromethane_DBU,1
226,itaconicanhydride_DMAP,1
227,benzoylcyanide_TosMic_DBU,1
228,trichloroacetonitrile_cinnamaldehyde_DBU,1
229,methylimidazole_DMAP,0
230,malononitrile_itaconicanhydride_DMAP,1
231,propionaldehyde_nitrosobenzene_2aminothiazole,0
232,benzofuroxan_benzoylcyanide_2aminothiazole,1
233,benzofuroxan_nitrosobenzene_DBU,0
234,malononitrile_methylimidazole_DMAP,1
235,methylpropiolate_nitrosobenzene_2aminothiazole,1
236,DMAP_methylacetoacetate_phenylacetylchloride,1
237,dimethylacetylenedicarboxylate_cinnamaldehyde_2aminothiazole,1
238,trichloroacetonitrile_methylacetoacetate_DBU,1
239,malononitrile_2aminothiazole,1
240,nitromethane_DBU,1
241,itaconicanhydride_nitrosobenzene_DMAP,1
242,malononitrile_nitromethane_DBU,1
243,methylimidazole_nitrosobenzene_DMAP,0
244,dimethylacetylenedicarboxylate_itaconicanhydride_phenylacetylchloride,0
245,itaconicanhydride_TosMic_2aminothiazole,1
246,dimethylacetylenedicarboxylate_benzoylcyanide_DMAP,1
247,dimethylacetylenedicarboxylate_methylacetoacetate_2aminothiazole,1
248,trichloroacetonitrile_propionaldehyde_2aminothiazole,1
249,benzofuroxan_DMAP_phenylacetylchloride,1
250,nitrosobenzene_2aminothiazole,1
251,benzofuroxan_trichloroacetonitrile_DBU,1
252,methylimidazole_dimethylacetylenedicarboxylate_phenylacetylchloride,1
253,methylimidazole_TosMic_2aminothiazole,0
254,methylpropiolate_trichloroacetonitrile_2aminothiazole,1
255,malononitrile_nitrosobenzene_2aminothiazole,1
256,benzoylcyanide_nitromethane_2aminothiazole,1
257,nitromethane_nitrosobenzene_DBU,1
258,dimethylacetylenedicarboxylate_TosMic_DBU,1
259,trichloroacetonitrile_itaconicanhydride_DMAP,1
260,cinnamaldehyde_methylacetoacetate_DBU,1
261,benzofuroxan_dimethylacetylenedicarboxylate_2aminothiazole,1
262,trichloroacetonitrile_methylimidazole_DMAP,0
263,trichloroacetonitrile_2aminothiazole,1
264,cinnamaldehyde_propionaldehyde_2aminothiazole,1
265,nitromethane_DMAP_phenylacetylchloride,1
266,malononitrile_trichloroacetonitrile_2aminothiazole,1
267,trichloroacetonitrile_nitromethane_DBU,1
268,benzofuroxan_cinnamaldehyde_DBU,1
269,methylpropiolate_cinnamaldehyde_2aminothiazole,1
270,methylimidazole_itaconicanhydride_benzoylcyanide,1
271,itaconicanhydride_cinnamaldehyde_DMAP,1
272,itaconicanhydride_propionaldehyde_phenylacetylchloride,1
273,benzoylcyanide_propionaldehyde_DMAP,1
274,propionaldehyde_methylacetoacetate_2aminothiazole,1
275,dimethylacetylenedicarboxylate_nitromethane_2aminothiazole,1
276,trichloroacetonitrile_nitrosobenzene_2aminothiazole,0
277,benzofuroxan_methylacetoacetate_DBU,1
278,methylimidazole_cinnamaldehyde_DMAP,0
279,methylimidazole_propionaldehyde_phenylacetylchloride,1
280,methylpropiolate_itaconicanhydride_phenylacetylchloride,0
281,methylpropiolate_benzoylcyanide_DMAP,1
282,methylpropiolate_methylacetoacetate_2aminothiazole,1
283,propionaldehyde_TosMic_DBU,1
284,cinnamaldehyde_2aminothiazole,1
285,methylpropiolate_methylimidazole_phenylacetylchloride,1
286,itaconicanhydride_DMAP_methylacetoacetate,1
287,malononitrile_cinnamaldehyde_2aminothiazole,1
288,methylpropiolate_TosMic_DBU,1
289,cinnamaldehyde_nitromethane_DBU,0
290,benzofuroxan_propionaldehyde_2aminothiazole,1
291,methylimidazole_DMAP_methylacetoacetate,0
292,itaconicanhydride_phenylacetylchloride,1
293,methylpropiolate_benzofuroxan_2aminothiazole,1
294,benzoylcyanide_DMAP,1
295,methylacetoacetate_2aminothiazole,1
296,methylimidazole_phenylacetylchloride,1
297,malononitrile_itaconicanhydride_phenylacetylchloride,0
298,malononitrile_benzoylcyanide_DMAP,1
299,cinnamaldehyde_nitrosobenzene_2aminothiazole,0
300,malononitrile_methylacetoacetate_2aminothiazole,1
301,benzofuroxan_itaconicanhydride_DMAP,1
302,nitromethane_methylacetoacetate_DBU,1
303,TosMic_DBU,1
304,methylimidazole_dimethylacetylenedicarboxylate_itaconicanhydride,1
305,malononitrile_methylimidazole_phenylacetylchloride,1
306,benzofuroxan_methylimidazole_DMAP,0
307,dimethylacetylenedicarboxylate_propionaldehyde_DMAP,1
308,malononitrile_TosMic_DBU,1
309,benzofuroxan_2aminothiazole,1
310,methylpropiolate_dimethylacetylenedicarboxylate_DMAP,1
311,itaconicanhydride_nitrosobenzene_phenylacetylchloride,1
312,benzoylcyanide_nitrosobenzene_DMAP,1
313,nitrosobenzene_methylacetoacetate_2aminothiazole,0
314,nitromethane_propionaldehyde_2aminothiazole,1
315,malononitrile_benzofuroxan_2aminothiazole,1
316,benzofuroxan_nitromethane_DBU,1
317,methylimidazole_nitrosobenzene_phenylacetylchloride,1
318,methylpropiolate_nitromethane_2aminothiazole,1
319,dimethylacetylenedicarboxylate_benzoylcyanide_phenylacetylchloride,0
320,trichloroacetonitrile_cinnamaldehyde_2aminothiazole,1
321,benzoylcyanide_TosMic_2aminothiazole,1
322,nitrosobenzene_TosMic_DBU,1
323,itaconicanhydride_nitromethane_DMAP,1
324,dimethylacetylenedicarboxylate_DMAP,1
325,benzofuroxan_nitrosobenzene_2aminothiazole,0
326,methylimidazole_nitromethane_DMAP,0
327,trichloroacetonitrile_itaconicanhydride_phenylacetylchloride,0
328,malononitrile_dimethylacetylenedicarboxylate_DMAP,1
329,trichloroacetonitrile_benzoylcyanide_DMAP,1
330,trichloroacetonitrile_methylacetoacetate_2aminothiazole,1
331,nitromethane_2aminothiazole,1
332,trichloroacetonitrile_methylimidazole_phenylacetylchloride,1
333,DMAP_TosMic_phenylacetylchloride,1
334,malononitrile_nitromethane_2aminothiazole,1
335,trichloroacetonitrile_TosMic_DBU,1
336,methylimidazole_itaconicanhydride_propionaldehyde,1
337,dimethylacetylenedicarboxylate_nitrosobenzene_DMAP,1
338,benzofuroxan_trichloroacetonitrile_2aminothiazole,1
339,methylpropiolate_methylimidazole_itaconicanhydride,1
340,methylpropiolate_propionaldehyde_DMAP,1
341,nitromethane_nitrosobenzene_2aminothiazole,0
342,dimethylacetylenedicarboxylate_TosMic_2aminothiazole,1
343,itaconicanhydride_cinnamaldehyde_phenylacetylchloride,1
344,cinnamaldehyde_benzoylcyanide_DMAP,1
345,cinnamaldehyde_methylacetoacetate_2aminothiazole,1
346,benzoylcyanide_propionaldehyde_phenylacetylchloride,1
347,methylimidazole_cinnamaldehyde_phenylacetylchloride,0
348,methylimidazole_itaconicanhydride,1
349,methylpropiolate_benzoylcyanide_phenylacetylchloride,1
350,trichloroacetonitrile_dimethylacetylenedicarboxylate_DMAP,1
351,cinnamaldehyde_TosMic_DBU,1
352,propionaldehyde_DMAP,0
353,malononitrile_methylimidazole_itaconicanhydride,1
354,itaconicanhydride_methylacetoacetate_phenylacetylchloride,0
355,benzoylcyanide_DMAP_methylacetoacetate,1
356,malononitrile_propionaldehyde_DMAP,1
357,methylpropiolate_DMAP,1
358,trichloroacetonitrile_nitromethane_2aminothiazole,1
359,benzofuroxan_cinnamaldehyde_2aminothiazole,0
360,methylimidazole_methylacetoacetate_phenylacetylchloride,1
361,methylpropiolate_malononitrile_DMAP,1
362,TosMic_methylacetoacetate_DBU,1
363,benzoylcyanide_phenylacetylchloride,1
364,methylimidazole_itaconicanhydride_nitrosobenzene,1
365,dimethylacetylenedicarboxylate_itaconicanhydride_benzoylcyanide,0
366,propionaldehyde_nitrosobenzene_DMAP,0
367,malononitrile_benzoylcyanide_phenylacetylchloride,1
368,benzofuroxan_itaconicanhydride_phenylacetylchloride,0
369,benzofuroxan_benzoylcyanide_DMAP,1
370,benzofuroxan_methylacetoacetate_2aminothiazole,1
371,methylimidazole_dimethylacetylenedicarboxylate_benzoylcyanide,1
372,methylpropiolate_nitrosobenzene_DMAP,1
373,benzofuroxan_methylimidazole_phenylacetylchloride,1
374,dimethylacetylenedicarboxylate_cinnamaldehyde_DMAP,1
375,dimethylacetylenedicarboxylate_propionaldehyde_phenylacetylchloride,1
376,propionaldehyde_TosMic_2aminothiazole,0
377,malononitrile_DMAP,0
378,benzofuroxan_TosMic_DBU,1
379,methylpropiolate_dimethylacetylenedicarboxylate_phenylacetylchloride,0
380,methylpropiolate_TosMic_2aminothiazole,0
381,benzoylcyanide_nitrosobenzene_phenylacetylchloride,1
382,cinnamaldehyde_nitromethane_2aminothiazole,0
383,trichloroacetonitrile_methylimidazole_itaconicanhydride,1
384,itaconicanhydride_DMAP_TosMic,1
385,dimethylacetylenedicarboxylate_DMAP_methylacetoacetate,1
386,trichloroacetonitrile_propionaldehyde_DMAP,0
387,nitrosobenzene_DMAP,0
388,methylimidazole_DMAP_TosMic,0
389,methylpropiolate_trichloroacetonitrile_DMAP,1
390,itaconicanhydride_nitromethane_phenylacetylchloride,0
391,malononitrile_nitrosobenzene_DMAP,0
392,benzoylcyanide_nitromethane_DMAP,0
393,nitromethane_methylacetoacetate_2aminothiazole,0
394,dimethylacetylenedicarboxylate_phenylacetylchloride,0
395,TosMic_2aminothiazole,0
396,methylimidazole_nitromethane_phenylacetylchloride,0
397,malononitrile_dimethylacetylenedicarboxylate_phenylacetylchloride,0
398,trichloroacetonitrile_benzoylcyanide_phenylacetylchloride,0
399,malononitrile_TosMic_2aminothiazole,0
400,nitromethane_TosMic_DBU,1
401,benzofuroxan_dimethylacetylenedicarboxylate_DMAP,1
402,itaconicanhydride_benzoylcyanide_propionaldehyde,1
403,trichloroacetonitrile_DMAP,0
404,benzofuroxan_nitromethane_2aminothiazole,1
405,methylimidazole_itaconicanhydride_cinnamaldehyde,1
406,methylimidazole_benzoylcyanide_propionaldehyde,1
407,methylpropiolate_itaconicanhydride_benzoylcyanide,0
408,cinnamaldehyde_propionaldehyde_DMAP,0
409,dimethylacetylenedicarboxylate_nitrosobenzene_phenylacetylchloride,1
410,malononitrile_trichloroacetonitrile_DMAP,1
411,nitrosobenzene_TosMic_2aminothiazole,0
412,methylpropiolate_methylimidazole_benzoylcyanide,0
413,methylpropiolate_cinnamaldehyde_DMAP,1
414,methylpropiolate_propionaldehyde_phenylacetylchloride,1
415,methylimidazole_itaconicanhydride_methylacetoacetate,1
416,propionaldehyde_DMAP_methylacetoacetate,1
417,cinnamaldehyde_benzoylcyanide_phenylacetylchloride,1
418,dimethylacetylenedicarboxylate_nitromethane_DMAP,1
419,trichloroacetonitrile_nitrosobenzene_DMAP,0
420,itaconicanhydride_benzoylcyanide,1
421,methylpropiolate_DMAP_methylacetoacetate,1
422,methylimidazole_benzoylcyanide,1
423,malononitrile_itaconicanhydride_benzoylcyanide,0
424,trichloroacetonitrile_dimethylacetylenedicarboxylate_phenylacetylchloride,0
425,cinnamaldehyde_DMAP,0
426,trichloroacetonitrile_TosMic_2aminothiazole,0
427,propionaldehyde_phenylacetylchloride,1
428,malononitrile_methylimidazole_benzoylcyanide,1
429,benzofuroxan_methylimidazole_itaconicanhydride,1
430,dimethylacetylenedicarboxylate_itaconicanhydride_propionaldehyde,0
431,malononitrile_cinnamaldehyde_DMAP,1
432,malononitrile_propionaldehyde_phenylacetylchloride,1
433,benzoylcyanide_methylacetoacetate_phenylacetylchloride,0
434,methylpropiolate_phenylacetylchloride,0
435,benzofuroxan_propionaldehyde_DMAP,0
436,methylimidazole_dimethylacetylenedicarboxylate_propionaldehyde,1
437,methylpropiolate_dimethylacetylenedicarboxylate_itaconicanhydride,0
438,itaconicanhydride_benzoylcyanide_nitrosobenzene,1
439,methylpropiolate_malononitrile_phenylacetylchloride,0
440,methylpropiolate_benzofuroxan_DMAP,1
441,DMAP_methylacetoacetate,0
442,methylpropiolate_methylimidazole_dimethylacetylenedicarboxylate,1
443,methylimidazole_benzoylcyanide_nitrosobenzene,0
444,malononitrile_DMAP_methylacetoacetate,1
445,cinnamaldehyde_nitrosobenzene_DMAP,0
446,propionaldehyde_nitrosobenzene_phenylacetylchloride,1
447,benzofuroxan_benzoylcyanide_phenylacetylchloride,0
448,methylpropiolate_nitrosobenzene_phenylacetylchloride,1
449,dimethylacetylenedicarboxylate_cinnamaldehyde_phenylacetylchloride,0
450,cinnamaldehyde_TosMic_2aminothiazole,0
451,dimethylacetylenedicarboxylate_itaconicanhydride,1
452,malononitrile_phenylacetylchloride,0
453,benzofuroxan_DMAP,0
454,methylimidazole_itaconicanhydride_nitromethane,1
455,methylimidazole_dimethylacetylenedicarboxylate,1
456,malononitrile_dimethylacetylenedicarboxylate_itaconicanhydride,0
457,nitrosobenzene_DMAP_methylacetoacetate,0
458,trichloroacetonitrile_itaconicanhydride_benzoylcyanide,1
459,nitromethane_propionaldehyde_DMAP,1
460,malononitrile_benzofuroxan_DMAP,1
461,malononitrile_methylimidazole_dimethylacetylenedicarboxylate,1
462,trichloroacetonitrile_methylimidazole_benzoylcyanide,1
463,methylpropiolate_nitromethane_DMAP,1
464,itaconicanhydride_TosMic_phenylacetylchloride,0
465,dimethylacetylenedicarboxylate_methylacetoacetate_phenylacetylchloride,0
466,trichloroacetonitrile_cinnamaldehyde_DMAP,0
467,benzoylcyanide_DMAP_TosMic,1
468,TosMic_methylacetoacetate_2aminothiazole,0
469,trichloroacetonitrile_propionaldehyde_phenylacetylchloride,1
470,nitrosobenzene_phenylacetylchloride,1
471,methylimidazole_TosMic_phenylacetylchloride,0
472,dimethylacetylenedicarboxylate_itaconicanhydride_nitrosobenzene,1
473,methylpropiolate_trichloroacetonitrile_phenylacetylchloride,0
474,malononitrile_nitrosobenzene_phenylacetylchloride,1
475,benzoylcyanide_nitromethane_phenylacetylchloride,0
476,benzofuroxan_nitrosobenzene_DMAP,0
477,methylimidazole_dimethylacetylenedicarboxylate_nitrosobenzene,1
478,methylpropiolate_itaconicanhydride_propionaldehyde,0
479,trichloroacetonitrile_DMAP_methylacetoacetate,1
480,nitromethane_DMAP,0
481,benzofuroxan_dimethylacetylenedicarboxylate_phenylacetylchloride,0
482,benzofuroxan_TosMic_2aminothiazole,0
483,methylpropiolate_methylimidazole_propionaldehyde,0
484,itaconicanhydride_cinnamaldehyde_benzoylcyanide,0
485,malononitrile_nitromethane_DMAP,0
486,trichloroacetonitrile_phenylacetylchloride,1
487,methylimidazole_cinnamaldehyde_benzoylcyanide,0
488,cinnamaldehyde_propionaldehyde_phenylacetylchloride,1
489,trichloroacetonitrile_dimethylacetylenedicarboxylate_itaconicanhydride,0
490,malononitrile_trichloroacetonitrile_phenylacetylchloride,0
491,itaconicanhydride_propionaldehyde,1
492,benzofuroxan_trichloroacetonitrile_DMAP,0
493,trichloroacetonitrile_methylimidazole_dimethylacetylenedicarboxylate,1
494,methylpropiolate_cinnamaldehyde_phenylacetylchloride,1
495,itaconicanhydride_benzoylcyanide_methylacetoacetate,0
496,methylimidazole_propionaldehyde,1
497,malononitrile_itaconicanhydride_propionaldehyde,0
498,methylpropiolate_itaconicanhydride,1
499,nitromethane_nitrosobenzene_DMAP,0
500,dimethylacetylenedicarboxylate_DMAP_TosMic,0
501,methylimidazole_benzoylcyanide_methylacetoacetate,1
502,malononitrile_methylimidazole_propionaldehyde,1
503,methylpropiolate_methylimidazole,1
504,methylpropiolate_malononitrile_itaconicanhydride,0
505,cinnamaldehyde_DMAP_methylacetoacetate,0
506,propionaldehyde_methylacetoacetate_phenylacetylchloride,1
507,dimethylacetylenedicarboxylate_nitromethane_phenylacetylchloride,0
508,trichloroacetonitrile_nitrosobenzene_phenylacetylchloride,1
509,nitromethane_TosMic_2aminothiazole,0
510,methylpropiolate_malononitrile_methylimidazole,0
511,methylpropiolate_methylacetoacetate_phenylacetylchloride,0
512,itaconicanhydride_propionaldehyde_nitrosobenzene,1
513,benzofuroxan_itaconicanhydride_benzoylcyanide,1
514,cinnamaldehyde_phenylacetylchloride,1
515,methylimidazole_propionaldehyde_nitrosobenzene,0
516,methylpropiolate_itaconicanhydride_nitrosobenzene,1
517,dimethylacetylenedicarboxylate_itaconicanhydride_cinnamaldehyde,0
518,benzofuroxan_methylimidazole_benzoylcyanide,0
519,malononitrile_cinnamaldehyde_phenylacetylchloride,1
520,dimethylacetylenedicarboxylate_benzoylcyanide_propionaldehyde,0
521,trichloroacetonitrile_nitromethane_DMAP,1
522,malononitrile_itaconicanhydride,0
523,benzofuroxan_cinnamaldehyde_DMAP,0
524,benzofuroxan_propionaldehyde_phenylacetylchloride,0
525,methylpropiolate_methylimidazole_nitrosobenzene,0
526,methylimidazole_dimethylacetylenedicarboxylate_cinnamaldehyde,0
527,methylpropiolate_dimethylacetylenedicarboxylate_benzoylcyanide,1
528,malononitrile_methylimidazole,1
529,methylpropiolate_benzofuroxan_phenylacetylchloride,0
530,methylacetoacetate_phenylacetylchloride,0
531,dimethylacetylenedicarboxylate_itaconicanhydride_methylacetoacetate,0
532,malononitrile_methylacetoacetate_phenylacetylchloride,0
533,cinnamaldehyde_nitrosobenzene_phenylacetylchloride,1
534,trichloroacetonitrile_itaconicanhydride_propionaldehyde,0
535,itaconicanhydride_nitrosobenzene,1
536,benzofuroxan_DMAP_methylacetoacetate,0
537,methylimidazole_itaconicanhydride_TosMic,0
538,methylimidazole_dimethylacetylenedicarboxylate_methylacetoacetate,1
539,trichloroacetonitrile_methylimidazole_propionaldehyde,0
540,methylpropiolate_trichloroacetonitrile_itaconicanhydride,0
541,methylimidazole_nitrosobenzene,0
542,malononitrile_itaconicanhydride_nitrosobenzene,1
543,itaconicanhydride_benzoylcyanide_nitromethane,0
544,propionaldehyde_DMAP_TosMic,0
545,dimethylacetylenedicarboxylate_benzoylcyanide,1
546,benzofuroxan_phenylacetylchloride,0
547,methylpropiolate_trichloroacetonitrile_methylimidazole,0
548,malononitrile_methylimidazole_nitrosobenzene,0
549,methylimidazole_benzoylcyanide_nitromethane,0
550,methylpropiolate_DMAP_TosMic,0
551,cinnamaldehyde_nitromethane_DMAP,0
552,nitrosobenzene_methylacetoacetate_phenylacetylchloride,1
553,malononitrile_dimethylacetylenedicarboxylate_benzoylcyanide,0
554,nitromethane_propionaldehyde_phenylacetylchloride,0
555,benzofuroxan_dimethylacetylenedicarboxylate_itaconicanhydride,1
556,malononitrile_benzofuroxan_phenylacetylchloride,0
557,methylpropiolate_nitromethane_phenylacetylchloride,0
558,benzofuroxan_methylimidazole_dimethylacetylenedicarboxylate,1
559,trichloroacetonitrile_cinnamaldehyde_phenylacetylchloride,1
560,benzoylcyanide_TosMic_phenylacetylchloride,0
561,trichloroacetonitrile_itaconicanhydride,0
562,itaconicanhydride_cinnamaldehyde_propionaldehyde,0
563,trichloroacetonitrile_methylimidazole,0
564,malononitrile_trichloroacetonitrile_itaconicanhydride,0
565,nitromethane_DMAP_methylacetoacetate,0
566,dimethylacetylenedicarboxylate_benzoylcyanide_nitrosobenzene,0
567,DMAP_TosMic,0
568,benzofuroxan_nitrosobenzene_phenylacetylchloride,1
569,methylimidazole_cinnamaldehyde_propionaldehyde,0
570,methylpropiolate_itaconicanhydride_cinnamaldehyde,0
571,malononitrile_trichloroacetonitrile_methylimidazole,1
572,methylpropiolate_benzoylcyanide_propionaldehyde,1
573,malononitrile_DMAP_TosMic,0
574,trichloroacetonitrile_methylacetoacetate_phenylacetylchloride,0
575,nitromethane_phenylacetylchloride,0
576,methylpropiolate_methylimidazole_cinnamaldehyde,0
577,itaconicanhydride_propionaldehyde_methylacetoacetate,0
578,dimethylacetylenedicarboxylate_itaconicanhydride_nitromethane,0
579,trichloroacetonitrile_itaconicanhydride_nitrosobenzene,0
580,malononitrile_nitromethane_phenylacetylchloride,0
581,benzofuroxan_nitromethane_DMAP,0
582,methylimidazole_propionaldehyde_methylacetoacetate,0
583,methylimidazole_dimethylacetylenedicarboxylate_nitromethane,1
584,trichloroacetonitrile_methylimidazole_nitrosobenzene,0
585,methylpropiolate_itaconicanhydride_methylacetoacetate,0
586,nitrosobenzene_DMAP_TosMic,0
587,trichloroacetonitrile_dimethylacetylenedicarboxylate_benzoylcyanide,0
588,itaconicanhydride_cinnamaldehyde,0
589,benzoylcyanide_propionaldehyde,0
590,benzofuroxan_trichloroacetonitrile_phenylacetylchloride,0
591,methylpropiolate_methylimidazole_methylacetoacetate,0
592,methylimidazole_cinnamaldehyde,0
593,malononitrile_itaconicanhydride_cinnamaldehyde,0
594,malononitrile_benzoylcyanide_propionaldehyde,0
595,nitromethane_nitrosobenzene_phenylacetylchloride,1
596,dimethylacetylenedicarboxylate_TosMic_phenylacetylchloride,0
597,methylpropiolate_benzoylcyanide,1
598,benzofuroxan_itaconicanhydride_propionaldehyde,0
599,malononitrile_methylimidazole_cinnamaldehyde,1
600,methylpropiolate_malononitrile_benzoylcyanide,0
601,benzofuroxan_methylimidazole_propionaldehyde,0
602,cinnamaldehyde_methylacetoacetate_phenylacetylchloride,0
603,methylpropiolate_benzofuroxan_itaconicanhydride,0
604,itaconicanhydride_methylacetoacetate,0
605,methylpropiolate_benzofuroxan_methylimidazole,0
606,methylpropiolate_dimethylacetylenedicarboxylate_propionaldehyde,0
607,methylimidazole_methylacetoacetate,0
608,itaconicanhydride_cinnamaldehyde_nitrosobenzene,1
609,malononitrile_itaconicanhydride_methylacetoacetate,0
610,benzoylcyanide_propionaldehyde_nitrosobenzene,0
611,trichloroacetonitrile_DMAP_TosMic,1
612,methylimidazole_cinnamaldehyde_nitrosobenzene,0
613,malononitrile_methylimidazole_methylacetoacetate,0
614,methylpropiolate_benzoylcyanide_nitrosobenzene,0
615,dimethylacetylenedicarboxylate_cinnamaldehyde_benzoylcyanide,0
616,trichloroacetonitrile_nitromethane_phenylacetylchloride,0
617,malononitrile_benzoylcyanide,0
618,benzofuroxan_cinnamaldehyde_phenylacetylchloride,1
619,benzofuroxan_itaconicanhydride,0
620,itaconicanhydride_nitrosobenzene_methylacetoacetate,1
621,itaconicanhydride_nitromethane_propionaldehyde,0
622,malononitrile_benzofuroxan_itaconicanhydride,0
623,benzofuroxan_methylimidazole,0
624,dimethylacetylenedicarboxylate_propionaldehyde,0
625,methylimidazole_nitrosobenzene_methylacetoacetate,0
626,methylimidazole_nitromethane_propionaldehyde,0
627,methylpropiolate_itaconicanhydride_nitromethane,0
628,trichloroacetonitrile_itaconicanhydride_cinnamaldehyde,0
629,itaconicanhydride_benzoylcyanide_TosMic,0
630,malononitrile_benzofuroxan_methylimidazole,0
631,dimethylacetylenedicarboxylate_benzoylcyanide_methylacetoacetate,0
632,malononitrile_dimethylacetylenedicarboxylate_propionaldehyde,0
633,trichloroacetonitrile_benzoylcyanide_propionaldehyde,0
634,methylpropiolate_dimethylacetylenedicarboxylate,0
635,benzoylcyanide_nitrosobenzene,0
636,benzofuroxan_methylacetoacetate_phenylacetylchloride,0
637,methylpropiolate_methylimidazole_nitromethane,0
638,methylimidazole_benzoylcyanide_TosMic,0
639,trichloroacetonitrile_methylimidazole_cinnamaldehyde,0
640,methylpropiolate_malononitrile_dimethylacetylenedicarboxylate,0
641,methylpropiolate_trichloroacetonitrile_benzoylcyanide,0
642,cinnamaldehyde_DMAP_TosMic,0
643,malononitrile_benzoylcyanide_nitrosobenzene,0
644,propionaldehyde_TosMic_phenylacetylchloride,0
645,benzofuroxan_itaconicanhydride_nitrosobenzene,1
646,methylpropiolate_TosMic_phenylacetylchloride,0
647,trichloroacetonitrile_itaconicanhydride_methylacetoacetate,0
648,benzofuroxan_methylimidazole_nitrosobenzene,0
649,dimethylacetylenedicarboxylate_propionaldehyde_nitrosobenzene,0
650,cinnamaldehyde_nitromethane_phenylacetylchloride,1
651,itaconicanhydride_nitromethane,0
652,benzofuroxan_dimethylacetylenedicarboxylate_benzoylcyanide,0
653,trichloroacetonitrile_methylimidazole_methylacetoacetate,0
654,methylpropiolate_dimethylacetylenedicarboxylate_nitrosobenzene,0
655,methylimidazole_nitromethane,0
656,malononitrile_itaconicanhydride_nitromethane,0
657,DMAP_TosMic_methylacetoacetate,0
658,malononitrile_dimethylacetylenedicarboxylate,0
659,trichloroacetonitrile_benzoylcyanide,0
660,malononitrile_methylimidazole_nitromethane,0
661,cinnamaldehyde_benzoylcyanide_propionaldehyde,0
662,nitromethane_methylacetoacetate_phenylacetylchloride,0
663,malononitrile_trichloroacetonitrile_benzoylcyanide,0
664,benzofuroxan_trichloroacetonitrile_itaconicanhydride,0
665,TosMic_phenylacetylchloride,0
666,methylpropiolate_cinnamaldehyde_benzoylcyanide,0
667,itaconicanhydride_nitromethane_nitrosobenzene,1
668,dimethylacetylenedicarboxylate_itaconicanhydride_TosMic,0
669,benzofuroxan_trichloroacetonitrile_methylimidazole,0
670,malononitrile_TosMic_phenylacetylchloride,0
671,trichloroacetonitrile_dimethylacetylenedicarboxylate_propionaldehyde,0
672,dimethylacetylenedicarboxylate_nitrosobenzene,0
673,benzofuroxan_DMAP_TosMic,0
674,methylimidazole_nitromethane_nitrosobenzene,0
675,methylimidazole_dimethylacetylenedicarboxylate_TosMic,0
676,itaconicanhydride_cinnamaldehyde_methylacetoacetate,0
677,methylpropiolate_trichloroacetonitrile_dimethylacetylenedicarboxylate,0
678,benzoylcyanide_propionaldehyde_methylacetoacetate,0
679,malononitrile_dimethylacetylenedicarboxylate_nitrosobenzene,0
680,dimethylacetylenedicarboxylate_benzoylcyanide_nitromethane,0
681,trichloroacetonitrile_benzoylcyanide_nitrosobenzene,0
682,methylpropiolate_propionaldehyde,0
683,benzofuroxan_nitromethane_phenylacetylchloride,0
684,methylimidazole_cinnamaldehyde_methylacetoacetate,0
685,methylpropiolate_benzoylcyanide_methylacetoacetate,0
686,methylpropiolate_malononitrile_propionaldehyde,0
687,nitrosobenzene_TosMic_phenylacetylchloride,0
688,cinnamaldehyde_benzoylcyanide,0
689,malononitrile_cinnamaldehyde_benzoylcyanide,0
690,trichloroacetonitrile_itaconicanhydride_nitromethane,0
691,benzofuroxan_itaconicanhydride_cinnamaldehyde,0
692,benzofuroxan_benzoylcyanide_propionaldehyde,0
693,trichloroacetonitrile_dimethylacetylenedicarboxylate,0
694,trichloroacetonitrile_methylimidazole_nitromethane,0
695,methylpropiolate_propionaldehyde_nitrosobenzene,0
696,dimethylacetylenedicarboxylate_cinnamaldehyde_propionaldehyde,0
697,benzofuroxan_methylimidazole_cinnamaldehyde,0
698,nitromethane_DMAP_TosMic,0
699,malononitrile_trichloroacetonitrile_dimethylacetylenedicarboxylate,0
700,methylpropiolate_benzofuroxan_benzoylcyanide,0
701,malononitrile_propionaldehyde,0
702,benzoylcyanide_methylacetoacetate,0
703,methylpropiolate_dimethylacetylenedicarboxylate_cinnamaldehyde,0
704,malononitrile_benzoylcyanide_methylacetoacetate,0
705,cinnamaldehyde_benzoylcyanide_nitrosobenzene,0
706,trichloroacetonitrile_TosMic_phenylacetylchloride,0
707,methylpropiolate_malononitrile,0
708,benzofuroxan_itaconicanhydride_methylacetoacetate,0
709,itaconicanhydride_propionaldehyde_TosMic,0
710,benzofuroxan_methylimidazole_methylacetoacetate,0
711,dimethylacetylenedicarboxylate_propionaldehyde_methylacetoacetate,0
712,trichloroacetonitrile_dimethylacetylenedicarboxylate_nitrosobenzene,0
713,propionaldehyde_nitrosobenzene,0
714,benzofuroxan_benzoylcyanide,0
715,methylimidazole_propionaldehyde_TosMic,0
716,methylpropiolate_itaconicanhydride_TosMic,0
717,methylpropiolate_dimethylacetylenedicarboxylate_methylacetoacetate,0
718,itaconicanhydride_cinnamaldehyde_nitromethane,0
719,methylpropiolate_trichloroacetonitrile_propionaldehyde,0
720,malononitrile_propionaldehyde_nitrosobenzene,0
721,benzoylcyanide_nitrosobenzene_methylacetoacetate,0
722,benzoylcyanide_nitromethane_propionaldehyde,0
723,methylpropiolate_nitrosobenzene,0
724,dimethylacetylenedicarboxylate_cinnamaldehyde,0
725,malononitrile_benzofuroxan_benzoylcyanide,0
726,methylpropiolate_methylimidazole_TosMic,0
727,methylimidazole_cinnamaldehyde_nitromethane,0
728,methylpropiolate_malononitrile_nitrosobenzene,0
729,methylpropiolate_benzoylcyanide_nitromethane,0
730,malononitrile_dimethylacetylenedicarboxylate_cinnamaldehyde,0
731,trichloroacetonitrile_cinnamaldehyde_benzoylcyanide,0
732,benzofuroxan_dimethylacetylenedicarboxylate_propionaldehyde,0
733,itaconicanhydride_nitromethane_methylacetoacetate,0
734,cinnamaldehyde_TosMic_phenylacetylchloride,0
735,methylpropiolate_benzofuroxan_dimethylacetylenedicarboxylate,0
736,itaconicanhydride_TosMic,0
737,dimethylacetylenedicarboxylate_methylacetoacetate,0
738,trichloroacetonitrile_propionaldehyde,0
739,benzofuroxan_benzoylcyanide_nitrosobenzene,0
740,methylimidazole_nitromethane_methylacetoacetate,0
741,methylimidazole_TosMic,0
742,malononitrile_itaconicanhydride_TosMic,0
743,malononitrile_dimethylacetylenedicarboxylate_methylacetoacetate,0
744,dimethylacetylenedicarboxylate_cinnamaldehyde_nitrosobenzene,0
745,trichloroacetonitrile_benzoylcyanide_methylacetoacetate,0
746,malononitrile_trichloroacetonitrile_propionaldehyde,0
747,methylpropiolate_trichloroacetonitrile,0
748,malononitrile_nitrosobenzene,0
749,benzoylcyanide_nitromethane,0
750,malononitrile_methylimidazole_TosMic,0
751,methylpropiolate_cinnamaldehyde_propionaldehyde,0
752,methylpropiolate_malononitrile_trichloroacetonitrile,0
753,TosMic_methylacetoacetate_phenylacetylchloride,0
754,malononitrile_benzoylcyanide_nitromethane,0
755,benzofuroxan_itaconicanhydride_nitromethane,0
756,benzofuroxan_dimethylacetylenedicarboxylate,0
757,itaconicanhydride_nitrosobenzene_TosMic,0
758,dimethylacetylenedicarboxylate_nitrosobenzene_methylacetoacetate,0
759,benzofuroxan_methylimidazole_nitromethane,0
760,trichloroacetonitrile_propionaldehyde_nitrosobenzene,0
761,dimethylacetylenedicarboxylate_nitromethane_propionaldehyde,0
762,malononitrile_benzofuroxan_dimethylacetylenedicarboxylate,0
763,benzofuroxan_trichloroacetonitrile_benzoylcyanide,0
764,methylimidazole_nitrosobenzene_TosMic,0
765,methylpropiolate_propionaldehyde_methylacetoacetate,0
766,methylpropiolate_dimethylacetylenedicarboxylate_nitromethane,0
767,methylpropiolate_trichloroacetonitrile_nitrosobenzene,0
768,trichloroacetonitrile_dimethylacetylenedicarboxylate_cinnamaldehyde,0
769,dimethylacetylenedicarboxylate_benzoylcyanide_TosMic,0
770,benzoylcyanide_nitromethane_nitrosobenzene,0
771,cinnamaldehyde_propionaldehyde,0
772,malononitrile_trichloroacetonitrile,0
773,benzofuroxan_TosMic_phenylacetylchloride,0
774,cinnamaldehyde_benzoylcyanide_methylacetoacetate,0
775,malononitrile_cinnamaldehyde_propionaldehyde,0
776,methylpropiolate_cinnamaldehyde,0
777,benzofuroxan_dimethylacetylenedicarboxylate_nitrosobenzene,0
778,methylpropiolate_malononitrile_cinnamaldehyde,0
779,trichloroacetonitrile_itaconicanhydride_TosMic,0
780,trichloroacetonitrile_dimethylacetylenedicarboxylate_methylacetoacetate,0
781,methylpropiolate_benzofuroxan_propionaldehyde,0
782,propionaldehyde_methylacetoacetate,0
783,trichloroacetonitrile_nitrosobenzene,0
784,dimethylacetylenedicarboxylate_nitromethane,0
785,trichloroacetonitrile_methylimidazole_TosMic,1
786,malononitrile_propionaldehyde_methylacetoacetate,0
787,cinnamaldehyde_propionaldehyde_nitrosobenzene,0
788,malononitrile_dimethylacetylenedicarboxylate_nitromethane,0
789,methylpropiolate_methylacetoacetate,0
790,malononitrile_trichloroacetonitrile_nitrosobenzene,0
791,trichloroacetonitrile_benzoylcyanide_nitromethane,0
792,benzofuroxan_cinnamaldehyde_benzoylcyanide,0
793,methylpropiolate_cinnamaldehyde_nitrosobenzene,0
794,methylpropiolate_malononitrile_methylacetoacetate,0
795,nitromethane_TosMic_phenylacetylchloride,0
796,malononitrile_cinnamaldehyde,0
797,benzofuroxan_trichloroacetonitrile_dimethylacetylenedicarboxylate,0
798,benzofuroxan_propionaldehyde,0
799,propionaldehyde_nitrosobenzene_methylacetoacetate,0
800,dimethylacetylenedicarboxylate_nitromethane_nitrosobenzene,0
801,malononitrile_benzofuroxan_propionaldehyde,0
802,benzofuroxan_benzoylcyanide_methylacetoacetate,0
803,methylpropiolate_benzofuroxan,0
804,methylpropiolate_nitrosobenzene_methylacetoacetate,0
805,methylpropiolate_nitromethane_propionaldehyde,0
806,itaconicanhydride_cinnamaldehyde_TosMic,0
807,dimethylacetylenedicarboxylate_cinnamaldehyde_methylacetoacetate,0
808,trichloroacetonitrile_cinnamaldehyde_propionaldehyde,0
809,benzoylcyanide_propionaldehyde_TosMic,0
810,methylpropiolate_malononitrile_benzofuroxan,0
811,malononitrile_methylacetoacetate,0
812,cinnamaldehyde_nitrosobenzene,0
813,methylimidazole_cinnamaldehyde_TosMic,0
814,methylpropiolate_trichloroacetonitrile_cinnamaldehyde,0
815,methylpropiolate_benzoylcyanide_TosMic,0
816,malononitrile_cinnamaldehyde_nitrosobenzene,0
817,cinnamaldehyde_benzoylcyanide_nitromethane,0
818,benzofuroxan_propionaldehyde_nitrosobenzene,0
819,itaconicanhydride_TosMic_methylacetoacetate,0
820,trichloroacetonitrile_propionaldehyde_methylacetoacetate,0
821,trichloroacetonitrile_dimethylacetylenedicarboxylate_nitromethane,0
822,methylpropiolate_benzofuroxan_nitrosobenzene,0
823,nitrosobenzene_methylacetoacetate,0
824,nitromethane_propionaldehyde,0
825,benzofuroxan_dimethylacetylenedicarboxylate_cinnamaldehyde,0
826,malononitrile_benzofuroxan,0
827,methylimidazole_TosMic_methylacetoacetate,0
828,methylpropiolate_trichloroacetonitrile_methylacetoacetate,0
829,malononitrile_nitrosobenzene_methylacetoacetate,0
830,malononitrile_nitromethane_propionaldehyde,0
831,benzoylcyanide_nitromethane_methylacetoacetate,0
832,methylpropiolate_nitromethane,0
833,trichloroacetonitrile_cinnamaldehyde,0
834,benzoylcyanide_TosMic,0
835,methylpropiolate_malononitrile_nitromethane,0
836,malononitrile_trichloroacetonitrile_cinnamaldehyde,0
837,malononitrile_benzoylcyanide_TosMic,0
838,benzofuroxan_itaconicanhydride_TosMic,0
839,benzofuroxan_dimethylacetylenedicarboxylate_methylacetoacetate,0
840,benzofuroxan_trichloroacetonitrile_propionaldehyde,0
841,benzofuroxan_nitrosobenzene,0
842,benzofuroxan_methylimidazole_TosMic,0
843,nitromethane_propionaldehyde_nitrosobenzene,0
844,dimethylacetylenedicarboxylate_propionaldehyde_TosMic,0
845,trichloroacetonitrile_methylacetoacetate,0
846,methylpropiolate_benzofuroxan_trichloroacetonitrile,0
847,malononitrile_benzofuroxan_nitrosobenzene,0
848,benzofuroxan_benzoylcyanide_nitromethane,0
849,methylpropiolate_nitromethane_nitrosobenzene,0
850,methylpropiolate_dimethylacetylenedicarboxylate_TosMic,0
851,cinnamaldehyde_propionaldehyde_methylacetoacetate,0
852,dimethylacetylenedicarboxylate_cinnamaldehyde_nitromethane,0
853,trichloroacetonitrile_cinnamaldehyde_nitrosobenzene,0
854,malononitrile_trichloroacetonitrile_methylacetoacetate,0
855,benzoylcyanide_nitrosobenzene_TosMic,0
856,malononitrile_nitromethane,0
857,methylpropiolate_cinnamaldehyde_methylacetoacetate,0
858,benzofuroxan_trichloroacetonitrile,0
859,itaconicanhydride_nitromethane_TosMic,0
860,trichloroacetonitrile_nitrosobenzene_methylacetoacetate,0
861,dimethylacetylenedicarboxylate_nitromethane_methylacetoacetate,0
862,trichloroacetonitrile_nitromethane_propionaldehyde,0
863,benzofuroxan_cinnamaldehyde_propionaldehyde,0
864,nitromethane_nitrosobenzene,0
865,dimethylacetylenedicarboxylate_TosMic,0
866,malononitrile_benzofuroxan_trichloroacetonitrile,0
867,methylimidazole_nitromethane_TosMic,0
868,methylpropiolate_trichloroacetonitrile_nitromethane,0
869,malononitrile_nitromethane_nitrosobenzene,0
870,malononitrile_dimethylacetylenedicarboxylate_TosMic,0
871,trichloroacetonitrile_benzoylcyanide_TosMic,0
872,methylpropiolate_benzofuroxan_cinnamaldehyde,0
873,cinnamaldehyde_methylacetoacetate,0
874,malononitrile_cinnamaldehyde_methylacetoacetate,0
875,benzofuroxan_propionaldehyde_methylacetoacetate,0
876,benzofuroxan_dimethylacetylenedicarboxylate_nitromethane,0
877,benzofuroxan_trichloroacetonitrile_nitrosobenzene,0
878,dimethylacetylenedicarboxylate_nitrosobenzene_TosMic,0
879,methylpropiolate_benzofuroxan_methylacetoacetate,0
880,trichloroacetonitrile_nitromethane,0
881,benzofuroxan_cinnamaldehyde,0
882,methylpropiolate_propionaldehyde_TosMic,0
883,cinnamaldehyde_nitrosobenzene_methylacetoacetate,0
884,cinnamaldehyde_nitromethane_propionaldehyde,0
885,malononitrile_trichloroacetonitrile_nitromethane,0
886,malononitrile_benzofuroxan_cinnamaldehyde,0
887,methylpropiolate_cinnamaldehyde_nitromethane,0
888,cinnamaldehyde_benzoylcyanide_TosMic,0
889,benzofuroxan_methylacetoacetate,0
890,nitromethane_propionaldehyde_methylacetoacetate,0
891,trichloroacetonitrile_nitromethane_nitrosobenzene,0
892,trichloroacetonitrile_dimethylacetylenedicarboxylate_TosMic,0
893,benzofuroxan_cinnamaldehyde_nitrosobenzene,0
894,propionaldehyde_TosMic,0
895,malononitrile_benzofuroxan_methylacetoacetate,0
896,methylpropiolate_nitromethane_methylacetoacetate,0
897,trichloroacetonitrile_cinnamaldehyde_methylacetoacetate,0
898,malononitrile_propionaldehyde_TosMic,0
899,benzoylcyanide_TosMic_methylacetoacetate,0
900,methylpropiolate_TosMic,0
901,cinnamaldehyde_nitromethane,0
902,methylpropiolate_malononitrile_TosMic,0
903,malononitrile_cinnamaldehyde_nitromethane,0
904,benzofuroxan_nitrosobenzene_methylacetoacetate,0
905,benzofuroxan_nitromethane_propionaldehyde,0
906,propionaldehyde_nitrosobenzene_TosMic,0
907,methylpropiolate_benzofuroxan_nitromethane,0
908,nitromethane_methylacetoacetate,0
909,benzofuroxan_trichloroacetonitrile_cinnamaldehyde,0
910,benzofuroxan_benzoylcyanide_TosMic,0
911,methylpropiolate_nitrosobenzene_TosMic,0
912,malononitrile_nitromethane_methylacetoacetate,0
913,dimethylacetylenedicarboxylate_cinnamaldehyde_TosMic,0
914,cinnamaldehyde_nitromethane_nitrosobenzene,0
915,malononitrile_TosMic,0
916,benzofuroxan_trichloroacetonitrile_methylacetoacetate,0
917,benzofuroxan_nitromethane,0
918,nitromethane_nitrosobenzene_methylacetoacetate,0
919,dimethylacetylenedicarboxylate_TosMic_methylacetoacetate,0
920,trichloroacetonitrile_propionaldehyde_TosMic,0
921,nitrosobenzene_TosMic,0
922,malononitrile_benzofuroxan_nitromethane,0
923,methylpropiolate_trichloroacetonitrile_TosMic,0
924,malononitrile_nitrosobenzene_TosMic,0
925,trichloroacetonitrile_cinnamaldehyde_nitromethane,0
926,benzoylcyanide_nitromethane_TosMic,0
927,benzofuroxan_nitromethane_nitrosobenzene,0
928,benzofuroxan_dimethylacetylenedicarboxylate_TosMic,0
929,trichloroacetonitrile_nitromethane_methylacetoacetate,0
930,benzofuroxan_cinnamaldehyde_methylacetoacetate,0
931,trichloroacetonitrile_TosMic,0
932,cinnamaldehyde_propionaldehyde_TosMic,0
933,malononitrile_trichloroacetonitrile_TosMic,0
934,methylpropiolate_cinnamaldehyde_TosMic,0
935,benzofuroxan_trichloroacetonitrile_nitromethane,0
936,propionaldehyde_TosMic_methylacetoacetate,0
937,dimethylacetylenedicarboxylate_nitromethane_TosMic,0
938,trichloroacetonitrile_nitrosobenzene_TosMic,0
939,methylpropiolate_TosMic_methylacetoacetate,0
940,cinnamaldehyde_nitromethane_methylacetoacetate,0
941,cinnamaldehyde_TosMic,0
942,malononitrile_cinnamaldehyde_TosMic,0
943,benzofuroxan_propionaldehyde_TosMic,0
944,methylpropiolate_benzofuroxan_TosMic,0
945,TosMic_methylacetoacetate,0
946,benzofuroxan_cinnamaldehyde_nitromethane,0
947,malononitrile_TosMic_methylacetoacetate,0
948,cinnamaldehyde_nitrosobenzene_TosMic,0
949,benzofuroxan_nitromethane_methylacetoacetate,0
950,benzofuroxan_TosMic,0
951,nitrosobenzene_TosMic_methylacetoacetate,0
952,nitromethane_propionaldehyde_TosMic,0
953,malononitrile_benzofuroxan_TosMic,0
954,methylpropiolate_nitromethane_TosMic,0
955,trichloroacetonitrile_cinnamaldehyde_TosMic,0
956,benzofuroxan_nitrosobenzene_TosMic,0
957,trichloroacetonitrile_TosMic_methylacetoacetate,0
958,nitromethane_TosMic,0
959,malononitrile_nitromethane_TosMic,0
960,benzofuroxan_trichloroacetonitrile_TosMic,0
961,nitromethane_nitrosobenzene_TosMic,0
962,cinnamaldehyde_TosMic_methylacetoacetate,0
963,trichloroacetonitrile_nitromethane_TosMic,0
964,benzofuroxan_cinnamaldehyde_TosMic,0
965,benzofuroxan_TosMic_methylacetoacetate,0
966,cinnamaldehyde_nitromethane_TosMic,0
967,nitromethane_TosMic_methylacetoacetate,0
968,benzofuroxan_nitromethane_TosMic,0
